,City,Cloudiness,Country,Date,Humidity,Lat,Lng,Max Temp,Wind Speed
0,Thompson,40,CA,1560443204,42,55.74,-97.86,66.2,4.7
1,Geraldton,75,CA,1560443205,48,49.72,-86.95,60.8,6.93
2,Butaritari,100,KI,1560443206,81,3.07,172.79,84.12,17.02
3,Tuatapere,100,NZ,1560443207,95,-46.13,167.69,42.01,4.36
4,Carnarvon,0,ZA,1560443208,23,-30.97,22.13,52.62,7.2
5,Namibe,0,AO,1560442801,57,-15.19,12.15,76.02,12.55
6,Mataura,100,NZ,1560443211,95,-46.19,168.86,42.01,4.34
7,Sao Jose da Coroa Grande,0,BR,1560443212,81,-8.9,-35.15,80.7,10.47
8,Lorengau,100,PG,1560442630,90,-2.02,147.27,77.64,2.01
9,Mochalishche,0,RU,1560443214,31,56.33,48.35,60.8,8.95
10,Ushuaia,0,AR,1560443215,86,-54.81,-68.31,32.0,4.97
11,Tocopilla,50,CL,1560442931,89,-22.09,-70.2,60.9,20.02
12,Dikson,90,RU,1560443217,90,73.51,80.55,32.82,12.57
13,Atuona,0,PF,1560443219,74,-9.8,-139.03,81.24,13.11
14,Ponta do Sol,1,BR,1560443220,65,-20.63,-46.0,72.78,7.02
15,Crasna,40,RO,1560443221,57,45.18,23.52,70.62,2.95
16,Henties Bay,0,NA,1560442757,70,-22.12,14.28,66.99,5.01
17,Heihe,90,RU,1560443223,100,50.24,127.51,53.6,11.18
18,Faro,20,PT,1560442946,60,37.02,-7.94,80.01,18.34
19,Upernavik,73,GL,1560443225,58,72.79,-56.15,44.16,11.48
20,Jamestown,100,AU,1560443008,88,-33.21,138.6,51.9,5.79
21,East London,0,ZA,1560443228,76,-33.02,27.91,51.8,4.7
22,Tuktoyaktuk,90,CA,1560443229,85,69.44,-133.03,35.6,12.75
23,Albany,90,US,1560443124,82,42.65,-73.75,59.0,12.75
24,Flin Flon,90,CA,1560443231,67,54.77,-101.88,59.0,6.93
25,Nishihara,1,JP,1560443233,88,35.74,139.53,72.0,9.69
26,Kamaishi,33,JP,1560443234,98,39.28,141.86,46.5,1.59
27,Yellowknife,40,CA,1560443175,59,62.45,-114.38,66.2,2.24
28,Bredasdorp,0,ZA,1560443236,57,-34.53,20.04,50.0,4.7
29,Port Alfred,0,ZA,1560443237,78,-33.59,26.89,53.01,5.12
30,Mirabad,0,IR,1560443239,7,28.27,61.33,80.88,9.1
31,Jakarta,40,ID,1560443240,74,-6.18,106.83,84.2,2.24
32,Cape Town,0,ZA,1560443047,62,-33.93,18.42,55.99,6.93
33,Barrow,99,AR,1560443242,79,-38.31,-60.23,56.94,10.92
34,Tasiilaq,40,GL,1560443243,71,65.61,-37.64,51.8,14.99
35,Kapit,100,MY,1560443244,92,2.02,112.94,75.84,0.16
36,Hermanus,0,ZA,1560443246,61,-34.42,19.24,54.0,1.01
37,Svetlogorsk,20,RU,1560442697,45,53.14,59.15,55.4,17.9
38,Hobart,75,AU,1560443168,57,-42.88,147.33,50.0,8.05
39,Bay Roberts,75,CA,1560443249,58,47.58,-53.28,57.99,23.04
40,Busselton,55,AU,1560443250,75,-33.64,115.35,53.01,12.26
41,Georgetown,20,GY,1560443085,79,6.8,-58.16,84.2,9.17
42,Avarua,100,CK,1560443253,83,-21.21,-159.78,77.0,13.87
43,Qaqortoq,20,GL,1560443254,38,60.72,-46.03,59.0,8.05
44,Katherine,9,AU,1560443255,68,-14.47,132.26,68.0,3.36
45,Cidreira,100,BR,1560443256,54,-30.17,-50.22,79.8,4.21
46,Leningradskiy,0,RU,1560442693,67,69.38,178.42,44.52,3.36
47,Mazagao,40,BR,1560443259,66,-0.12,-51.29,87.8,8.05
48,Omboue,33,GA,1560443260,80,-1.57,9.26,75.48,11.77
49,Hastings,100,NZ,1560442705,98,-39.64,176.84,56.04,6.46
50,Salalah,75,OM,1560443047,84,17.01,54.1,87.8,12.75
51,Punta Arenas,75,CL,1560443263,84,-53.16,-70.91,33.8,3.36
52,Bredy,26,RU,1560443264,50,52.43,60.33,57.84,12.26
53,Kapaa,75,US,1560443147,88,22.08,-159.32,71.6,5.82
54,Abyek,20,IR,1560443266,6,36.04,50.53,87.8,11.41
55,Solnechnyy,100,RU,1560442698,99,50.72,136.64,45.96,7.05
56,Saint-Ambroise,0,FR,1560443269,49,47.25,-0.65,72.0,12.75
57,Rikitea,49,PF,1560443270,70,-23.12,-134.97,70.26,18.79
58,San Quintin,99,PH,1560443271,80,17.54,120.52,79.26,4.25
59,Kodiak,1,US,1560443272,9,39.95,-94.76,70.0,3.36
60,Arraial do Cabo,0,BR,1560443273,62,-22.97,-42.02,84.2,9.17
61,Tankara,40,IN,1560443275,78,22.66,70.75,84.0,17.22
62,Qaanaaq,99,GL,1560443276,87,77.48,-69.36,37.5,3.29
63,Krasnoturansk,0,RU,1560443277,77,54.32,91.57,60.8,2.24
64,Quatre Cocos,40,MU,1560443278,73,-20.21,57.76,73.4,12.75
65,Khargone,65,IN,1560443279,39,21.82,75.61,95.64,14.34
66,Benghazi,4,LY,1560443281,37,32.12,20.07,88.26,5.26
67,Bambous Virieux,40,MU,1560443282,73,-20.34,57.76,73.4,12.75
68,Provideniya,0,RU,1560443283,61,64.42,-173.23,51.9,3.22
69,Mahebourg,40,MU,1560443284,73,-20.41,57.7,73.4,12.75
70,Puerto Ayora,20,EC,1560443285,69,-0.74,-90.35,80.6,17.22
71,Pacific Grove,75,US,1560443286,77,36.62,-121.92,63.0,5.82
72,Hilo,1,US,1560443288,68,19.71,-155.08,69.8,5.82
73,Ler,40,NO,1560443289,52,63.2,10.3,66.99,13.87
74,Volgodonsk,29,RU,1560443290,33,47.51,42.17,89.7,6.49
75,Tiksi,50,RU,1560443291,71,71.64,128.87,37.32,8.59
76,Codrington,40,AU,1560443292,93,-28.95,153.24,64.0,8.05
77,Vaini,100,IN,1560443294,89,15.34,74.49,79.8,5.35
78,Kamenka,0,RU,1560443295,65,53.19,44.05,58.74,10.8
79,Pochutla,75,MX,1560443296,69,15.74,-96.47,86.0,1.21
80,Zelezniki,20,SI,1560443297,37,46.23,14.17,84.99,12.75
81,Campo Largo,0,BR,1560443299,47,-25.46,-49.53,77.0,6.93
82,Ribeira Grande,40,PT,1560443300,73,38.52,-28.7,69.8,17.22
83,Chokurdakh,8,RU,1560443301,28,70.62,147.9,69.72,8.72
84,Baiyin,0,CN,1560443302,40,36.55,104.13,71.6,6.71
85,Arlit,37,NE,1560443303,11,18.74,7.39,106.08,8.86
86,Ilulissat,40,GL,1560443305,66,69.22,-51.1,48.2,9.17
87,Aasiaat,12,GL,1560443306,85,68.71,-52.87,37.68,5.39
88,Airai,17,TL,1560443307,61,-8.93,125.41,74.04,6.76
89,Pangai,0,TO,1560443308,86,-19.8,-174.35,76.38,9.51
90,Castro,20,CL,1560443310,93,-42.48,-73.76,44.6,5.82
91,Norman Wells,90,CA,1560443311,87,65.28,-126.83,48.2,14.99
92,Hithadhoo,98,MV,1560443312,78,-0.6,73.08,84.3,4.79
93,Yangambi,95,CD,1560443313,55,0.77,24.47,87.0,2.15
94,Sambava,100,MG,1560442768,82,-14.27,50.17,68.1,3.47
95,Macenta,96,GN,1560443315,71,8.55,-9.47,81.06,2.37
96,Jiangyou,79,CN,1560443317,92,31.78,104.73,66.48,1.48
97,Abonnema,78,NG,1560443318,83,4.71,6.79,78.36,8.75
98,Hvide Sande,20,DK,1560443319,55,56.01,8.13,68.0,12.75
99,Deputatskiy,98,RU,1560443320,54,69.3,139.9,53.52,8.77
100,Bonavista,98,CA,1560443321,63,48.65,-53.11,57.0,11.01
101,Vardo,90,US,1560443060,93,39.62,-77.74,66.0,8.05
102,Los Llanos de Aridane,75,ES,1560443324,64,28.66,-17.92,71.6,4.7
103,Caconda,0,AO,1560443325,22,-13.73,15.06,78.0,5.48
104,Kavieng,100,PG,1560442857,74,-2.57,150.8,82.68,3.33
105,Yatou,4,CM,1560443327,81,3.63,9.81,81.24,14.85
106,Pisco,20,PE,1560443328,30,-13.71,-76.2,71.6,10.29
107,Chapais,75,CA,1560443330,40,49.78,-74.86,69.8,7.47
108,Minggang,0,CN,1560443331,39,32.45,114.03,75.66,4.72
109,Chuy,100,UY,1560442661,94,-33.69,-53.46,67.56,6.13
110,Hobyo,8,SO,1560443333,51,5.35,48.53,88.44,27.02
111,Saint-Philippe,75,CA,1560443334,48,45.36,-73.48,68.0,13.87
112,San Patricio,80,PY,1560442877,59,-26.98,-56.83,79.44,13.53
113,Severo-Kurilsk,100,RU,1560443336,86,50.68,156.12,41.64,5.55
114,Dudinka,75,RU,1560443338,93,69.41,86.18,39.2,11.18
115,Bluff,0,AU,1560443339,90,-23.58,149.07,61.44,4.34
116,Agadir,40,MA,1560443340,47,30.42,-9.58,77.0,14.99
117,Bima,0,ID,1560443341,98,-8.45,118.73,71.88,3.53
118,Hornepayne,38,CA,1560443343,33,49.22,-84.78,60.18,6.15
119,Lanester,75,FR,1560443344,67,47.76,-3.34,62.01,16.11
120,Jackson,20,US,1560443220,60,35.61,-88.82,75.0,3.36
121,Clermont,0,AU,1560443340,84,-22.82,147.64,61.62,5.82
122,Egvekinot,96,RU,1560443348,52,66.32,-179.17,58.2,0.65
123,Lavrentiya,26,RU,1560443349,59,65.58,-170.99,56.58,2.06
124,Carahue,75,CL,1560443350,93,-38.71,-73.16,48.2,9.17
125,Fortuna,0,ES,1560443352,44,38.18,-1.13,77.0,13.87
126,Durango,1,US,1560443280,32,37.28,-107.88,75.2,5.82
127,Saldanha,0,PT,1560443354,28,41.42,-6.55,70.44,7.05
128,New Norfolk,75,AU,1560443355,57,-42.78,147.06,50.0,10.29
129,Adre,93,TD,1560443356,26,13.47,22.2,94.02,7.72
130,Hasaki,20,JP,1560443357,93,35.73,140.83,61.0,5.82
131,Victoria,75,BN,1560443359,100,5.28,115.24,77.0,3.36
132,Lompoc,90,US,1560443229,82,34.64,-120.46,62.01,4.7
133,Tubuala,40,PA,1560443362,79,9.52,-79.03,86.0,5.82
134,Taltal,100,CL,1560443363,50,-25.41,-70.49,64.32,7.27
135,Yulara,44,AU,1560442851,61,-25.24,130.99,50.0,6.93
136,The Pas,90,CA,1560443365,59,53.82,-101.24,64.4,4.7
137,Bemidji,1,US,1560443366,36,47.48,-94.89,66.0,8.05
138,Torbay,75,CA,1560443367,58,47.66,-52.73,57.99,23.04
139,San Vicente,40,SV,1560443370,62,13.64,-88.78,87.8,8.05
140,Erzin,40,TR,1560443371,54,36.95,36.2,81.0,18.34
141,Ahipara,76,NZ,1560443372,77,-35.17,173.16,61.98,24.72
142,Tabuk,100,PH,1560443373,96,17.41,121.44,66.48,2.77
143,Saskylakh,0,RU,1560443375,48,71.97,114.09,48.66,8.25
144,Souillac,20,FR,1560443376,46,45.6,-0.6,73.0,2.24
145,Saint-Pierre,41,FR,1560443377,59,48.95,4.24,71.01,8.05
146,Paita,0,PE,1560443379,290,-5.09,-81.11,62.6,18.34
147,Terrace,75,CA,1560443230,87,54.52,-128.61,61.0,6.93
148,Ixtapa,75,MX,1560442833,83,20.71,-105.21,84.0,4.92
149,Faya,40,SA,1560443382,64,18.39,42.45,80.6,12.75
150,Marawi,100,PH,1560443383,93,8.0,124.29,77.0,4.0
151,Upington,0,ZA,1560443384,19,-28.46,21.24,59.0,3.36
152,Nikolskoye,0,RU,1560443386,45,59.7,30.79,66.2,13.42
153,Tomaszow Mazowiecki,40,PL,1560443225,78,51.53,20.01,84.99,3.36
154,Coldwater,90,US,1560443388,100,41.94,-85.0,59.0,6.93
155,Vilhena,20,BR,1560443389,61,-12.74,-60.15,82.4,11.41
156,Lazurne,94,UA,1560443390,37,46.77,34.99,88.44,9.22
157,Saratovskaya,20,RU,1560443392,57,44.71,39.22,77.0,4.47
158,Pangnirtung,75,CA,1560442824,70,66.15,-65.72,46.4,11.41
159,Watsa,43,CD,1560443394,52,3.04,29.53,83.94,2.89
160,Balaghat,47,IN,1560443395,32,21.81,80.19,98.88,6.91
161,Mandalgovi,97,MN,1560443396,23,45.76,106.27,68.46,5.79
162,Toppenish,1,US,1560443397,50,46.38,-120.31,82.0,6.11
163,Samarai,40,PG,1560442836,93,-10.62,150.67,71.34,3.33
164,Praia da Vitoria,75,PT,1560443400,77,38.73,-27.07,69.01,10.33
165,Longyearbyen,75,NO,1560443401,86,78.22,15.63,39.2,11.41
166,Naze,38,NG,1560443402,88,5.43,7.07,77.12,4.43
167,Garmsar,0,IR,1560443403,19,35.22,52.34,80.36,1.7
168,Belmonte,91,PT,1560443405,49,40.36,-7.35,69.01,8.41
169,Gushikawa,75,JP,1560443406,83,26.35,127.87,77.0,14.99
170,Ardakan,20,IR,1560443407,9,32.31,54.02,96.8,2.24
171,San Martin,90,US,1560443405,82,37.08,-121.61,69.01,5.82
172,Isangel,75,VU,1560443410,77,-19.55,169.27,66.2,17.6
173,Dunedin,97,NZ,1560443270,85,-45.87,170.5,48.99,18.99
174,Poronaysk,100,RU,1560443412,97,49.22,143.1,42.02,9.31
175,Constitucion,5,MX,1560443413,35,23.99,-104.67,73.0,19.24
176,Radenci,0,SI,1560443415,33,46.64,16.04,91.99,12.75
177,Kirensk,57,RU,1560443416,64,57.78,108.12,57.32,2.89
178,Murray Bridge,100,AU,1560443417,89,-35.12,139.28,55.0,3.0
179,Sungaipenuh,97,ID,1560443418,64,-2.08,101.38,75.14,3.91
180,Caravelas,47,BR,1560443420,78,-17.73,-39.27,78.56,6.33
181,Saint George,20,GR,1560443421,27,39.45,22.34,91.4,16.11
182,Mar del Plata,100,AR,1560443422,80,-46.43,-67.52,40.04,17.07
183,Foumbot,80,CM,1560443423,90,5.51,10.64,67.04,1.03
184,Yangjiang,100,CN,1560443424,74,21.85,111.96,84.0,3.38
185,Okhotsk,0,RU,1560442881,92,59.36,143.24,35.88,1.9
186,Clyde River,20,CA,1560443427,86,70.47,-68.59,39.2,19.46
187,Bara,39,NG,1560443428,40,10.41,10.6,89.72,3.65
188,Khatanga,40,RU,1560443429,40,71.98,102.47,57.5,20.62
189,Puerto Baquerizo Moreno,20,EC,1560443430,69,-0.9,-89.6,80.6,13.87
190,Yining,0,CN,1560443432,89,29.04,114.56,65.6,1.81
191,Shalinskoye,61,RU,1560443433,71,55.72,93.76,61.28,5.64
192,El Viejo,20,NI,1560443434,66,12.66,-87.17,87.8,5.01
193,Sugod,99,PH,1560443435,88,12.99,124.08,80.18,3.85
194,Yerbogachen,80,RU,1560443436,96,61.28,108.01,55.34,7.9
195,Sao Felix do Xingu,99,BR,1560443438,53,-6.64,-51.99,87.02,6.42
196,Manoel Urbano,1,BR,1560443439,43,-8.84,-69.26,94.94,1.54
197,Mazamari,0,PE,1560443273,46,-11.33,-74.53,40.02,7.43
198,Sitka,98,US,1560443441,46,37.17,-99.65,74.6,20.24
199,Valera,100,VE,1560443442,67,9.31,-70.61,88.82,10.25
200,Esperance,40,TT,1560443444,52,10.24,-61.45,91.4,13.87
201,Donskoye,75,RU,1560443445,72,45.45,41.98,68.0,8.95
202,Shakawe,0,BW,1560443446,28,-18.36,21.84,61.1,5.06
203,Okakarara,0,NA,1560443447,22,-20.59,17.46,54.8,8.81
204,Yar-Sale,98,RU,1560443448,77,66.83,70.83,35.72,16.8
205,Cherskiy,97,RU,1560443450,49,68.75,161.3,63.08,13.11
206,Srednekolymsk,61,RU,1560442858,42,67.46,153.71,64.86,7.4
207,Yokadouma,100,CM,1560443452,96,3.52,15.05,72.08,2.66
208,Syamzha,88,RU,1560443453,59,60.02,41.06,52.64,3.76
209,Plouzane,90,FR,1560443454,77,48.38,-4.62,62.6,14.99
210,Jorochito,75,BO,1560443455,69,-18.06,-63.43,82.4,23.04
211,Suez,29,EG,1560443457,47,29.97,32.54,80.72,16.78
212,Kununurra,12,AU,1560443458,83,-15.77,128.74,71.6,4.99
213,Katsuura,75,JP,1560443459,83,33.93,134.5,71.6,11.41
214,Agirish,71,RU,1560443460,64,61.92,63.02,40.04,10.76
215,Sinyavskoye,20,RU,1560443462,40,47.28,39.28,86.0,6.71
216,Kemi,0,FI,1560443463,42,65.74,24.56,62.6,5.82
217,Mugla,58,BG,1560443464,31,41.62,24.49,89.6,3.36
218,Rio Grande,20,BR,1560443465,73,-32.03,-52.1,77.0,5.1
219,Maumere,6,ID,1560443466,76,-8.63,122.22,80.18,7.23
220,Ongandjera,0,NA,1560443468,21,-17.88,15.07,64.16,8.23
221,Songkhla,20,TH,1560443469,88,7.2,100.6,80.6,4.9
222,Najran,40,SA,1560443470,15,17.54,44.22,96.8,9.17
223,Sur,100,OM,1560443471,37,22.57,59.53,92.6,7.63
224,Bethel,40,US,1560443473,63,60.79,-161.76,64.4,6.93
225,Mocuba,8,MZ,1560443474,95,-16.84,36.99,66.32,4.65
226,Nanortalik,1,GL,1560443475,76,60.14,-45.24,42.74,5.91
227,Mutoko,0,ZW,1560443477,44,-17.4,32.23,61.64,3.31
228,Neryungri,100,RU,1560443478,94,56.66,124.71,41.66,4.25
229,Bathsheba,75,BB,1560443479,83,13.22,-59.52,80.6,17.22
230,Ous,99,RU,1560443480,55,60.91,61.52,44.0,10.83
231,Qandala,100,SO,1560443481,53,11.47,49.87,92.96,11.41
232,Kokopo,100,PG,1560443483,96,-4.34,152.27,72.26,1.99
233,Richards Bay,74,ZA,1560443484,68,-28.77,32.06,66.5,17.58
234,Antonina,0,BR,1560443485,44,-25.43,-48.71,77.0,16.11
235,Cahuacan,75,MX,1560443486,59,19.64,-99.42,66.2,9.17
236,Anadyr,0,RU,1560443487,66,64.73,177.51,48.2,4.47
237,Kahului,20,US,1560443355,77,20.89,-156.47,73.4,3.36
238,Inongo,30,CD,1560443490,34,-1.93,18.29,82.34,1.9
239,Grand Gaube,40,MU,1560443491,73,-20.01,57.66,73.4,12.75
240,Praya,75,ID,1560443492,88,-8.71,116.27,77.0,5.82
241,Saint Anthony,40,US,1560443493,67,43.97,-111.68,64.99,4.81
242,Port Elizabeth,90,US,1560443494,68,39.31,-74.98,72.0,13.87
243,Camacha,20,PT,1560443496,49,33.08,-16.33,69.8,14.99
244,Tagusao,83,PH,1560443497,72,9.19,117.81,84.68,5.41
245,Shangzhi,100,CN,1560443498,98,45.21,127.96,56.06,5.88
246,Camopi,94,GF,1560443499,51,3.17,-52.33,90.62,2.62
247,Bilibino,0,RU,1560442941,43,68.06,166.44,52.62,7.29
248,Luderitz,0,NA,1560443289,36,-26.65,15.16,75.2,10.29
249,Necochea,95,AR,1560443503,97,-38.55,-58.74,55.99,1.99
250,Sabha,0,LY,1560443504,7,27.03,14.43,102.5,5.3
251,Swan Hill,94,AU,1560443505,87,-35.34,143.56,50.12,5.3
252,Nuevo Progreso,75,US,1560443506,55,26.05,-97.95,90.0,6.93
253,Uyuni,43,BO,1560443508,11,-20.46,-66.82,55.16,11.41
254,Walvis Bay,0,NA,1560443509,29,-22.95,14.51,89.6,9.17
255,Santa Rosalia,0,IT,1560443511,73,38.07,13.27,90.0,17.22
256,Skowhegan,1,US,1560443289,63,44.77,-69.72,62.01,4.7
257,Pevek,20,RU,1560443513,58,69.7,170.27,46.88,8.59
258,Salta,0,AR,1560443514,63,-24.79,-65.41,71.6,2.24
259,Tautira,75,PF,1560443515,78,-17.73,-149.15,75.2,3.36
260,Buluang,75,PH,1560443517,74,10.47,123.98,82.4,5.82
261,Mount Isa,4,AU,1560443518,60,-20.73,139.49,68.0,10.29
262,Ivanteyevka,0,RU,1560443519,34,55.97,37.92,68.0,6.71
263,Starokozache,0,UA,1560443520,42,46.34,29.99,80.6,11.18
264,Broken Hill,57,AU,1560443522,76,-31.97,141.45,48.2,4.7
265,Kieta,99,PG,1560443523,74,-6.22,155.63,82.88,7.7
266,Barreirinhas,34,BR,1560443524,84,-2.75,-42.83,82.52,3.67
267,Hovd,40,NO,1560443525,52,63.83,10.7,66.99,13.87
268,Ipixuna,75,BR,1560443526,66,-1.76,-48.8,87.8,9.17
269,Talnakh,75,RU,1560443527,93,69.49,88.39,39.2,11.18
270,Kuna,1,US,1560443529,50,43.49,-116.42,78.01,4.7
271,Faanui,37,PF,1560443530,75,-16.48,-151.75,81.62,22.59
272,Buraydah,20,SA,1560443531,19,26.33,43.97,105.8,8.05
273,Rehli,29,IN,1560443533,40,23.64,79.06,93.86,15.84
274,Meulaboh,71,ID,1560443534,70,4.14,96.13,82.88,5.86
275,San Buenaventura,0,MX,1560443535,36,27.06,-101.55,83.96,9.8
276,Hamilton,75,BM,1560443321,78,32.3,-64.78,82.4,11.41
277,Borgarnes,75,IS,1560443537,62,64.54,-21.92,64.0,16.11
278,Poum,20,MK,1560443538,54,41.28,20.71,82.4,3.36
279,Kirakira,66,SB,1560443540,81,-10.46,161.92,78.74,8.46
280,Ambilobe,100,MG,1560443541,62,-13.19,49.05,74.24,8.1
281,Moranbah,0,AU,1560443542,87,-22.0,148.04,61.28,6.4
282,Backa Topola,0,RS,1560443543,59,45.82,19.63,82.7,2.66
283,Francistown,0,BW,1560443544,20,-21.17,27.5,66.2,4.7
284,Puerto Rondon,99,CO,1560443546,89,6.28,-71.1,81.62,4.27
285,Sovetskiy,0,RU,1560443547,70,56.76,48.47,48.14,6.31
286,Ostrovnoy,1,RU,1560443548,67,68.05,39.51,42.74,9.8
287,Seoul,1,KR,1560443549,77,37.57,126.98,69.8,1.12
288,Cairns,90,AU,1560443550,83,-16.92,145.77,71.6,11.41
289,Sri Aman,100,MY,1560443552,94,1.24,111.46,75.2,2.24
290,Algiers,1,US,1560443553,51,29.94,-90.04,88.0,4.7
291,Klaksvik,99,FO,1560443554,75,62.23,-6.59,46.4,31.09
292,Peniche,20,PT,1560443555,59,39.36,-9.38,69.01,17.22
293,Eureka,90,US,1560443416,100,40.8,-124.16,62.01,5.82
294,Nicoya,40,CR,1560443558,74,10.15,-85.45,86.0,5.82
295,Taoudenni,100,ML,1560443559,8,22.68,-3.98,106.46,10.04
296,Toro,75,CO,1560443560,69,4.61,-76.08,78.8,6.93
297,Prokopyevsk,85,RU,1560443561,82,53.89,86.74,62.0,12.95
298,Acapulco,75,MX,1560443403,79,16.86,-99.88,84.2,3.36
299,Koumac,1,NC,1560443564,70,-20.56,164.28,71.36,6.93
300,Viedma,100,AR,1560443565,78,-40.81,-62.99,56.42,13.73
301,Inhambane,40,MZ,1560443566,78,-23.87,35.38,73.4,18.34
302,Ca Mau,91,VN,1560443567,79,9.18,105.15,82.52,3.87
303,Sobolevo,16,RU,1560443569,86,54.43,31.9,65.06,9.1
304,Vostok,100,RU,1560443570,95,46.45,135.83,54.26,6.76
305,San-Pedro,59,CI,1560443571,79,4.75,-6.64,77.84,4.43
306,Capinopolis,0,BR,1560443572,43,-18.68,-49.57,84.86,9.13
307,Petauke,54,ZM,1560443573,51,-14.25,31.33,69.02,6.17
308,Adrar,24,DZ,1560443575,8,27.87,-0.29,105.8,23.04
309,Zhaoyang,100,CN,1560443576,97,42.68,126.03,58.58,8.28
310,Port Lincoln,96,AU,1560443577,72,-34.72,135.86,61.82,20.22
311,Tura,53,IN,1560443578,66,25.52,90.21,85.4,3.49
312,Agadez,1,NE,1560443387,15,16.97,7.99,104.0,12.75
313,Salinopolis,21,BR,1560443580,71,-0.61,-47.36,83.6,11.21
314,Goderich,100,CA,1560443582,86,43.74,-81.71,63.0,15.88
315,Zhangye,100,CN,1560443583,47,38.94,100.46,63.98,18.14
316,Mendoza,20,AR,1560443353,44,-32.89,-68.84,57.2,64.42
317,Aklavik,75,CA,1560443585,65,68.22,-135.01,41.0,3.36
318,Alice Springs,2,AU,1560443376,58,-23.7,133.88,53.6,3.36
319,Mount Gambier,90,AU,1560443587,93,-37.83,140.78,48.2,10.29
320,Vila Franca do Campo,75,PT,1560443588,68,37.72,-25.43,68.0,11.41
321,Awbari,17,LY,1560443590,7,26.59,12.77,101.78,9.75
322,Ankara,40,TR,1560443305,64,39.92,32.85,75.2,5.82
323,Neftcala,0,AZ,1560443592,37,39.37,49.25,81.62,6.91
324,Ambanja,98,MG,1560443593,71,-13.68,48.45,80.0,4.52
325,Gravdal,75,NO,1560443594,63,59.79,5.78,62.01,19.46
326,Hay River,40,CA,1560443595,55,60.82,-115.79,64.4,10.29
327,Carndonagh,75,IE,1560443597,71,55.25,-7.27,51.8,13.87
328,Qasigiannguit,40,GL,1560443598,66,68.82,-51.19,48.2,9.17
329,Naron,20,ES,1560443599,59,43.52,-8.15,62.01,8.05
330,Sarasota,75,US,1560443364,66,27.34,-82.53,91.0,11.41
331,Moose Factory,1,CA,1560443601,66,51.26,-80.61,50.0,6.93
332,Ocampo,100,PH,1560443602,79,13.56,123.37,84.86,9.13
333,La Serena,20,CL,1560443406,59,-29.9,-71.25,60.8,5.82
334,Andradina,21,BR,1560443605,40,-20.89,-51.38,87.2,11.18
335,Palana,0,RU,1560443606,72,59.08,159.95,46.52,6.93
336,Dawei,100,MM,1560443607,81,14.07,98.19,81.98,7.65
337,Roald,75,NO,1560443608,72,62.58,6.12,69.8,6.93
338,Pinyug,42,RU,1560443609,68,60.25,47.79,49.4,6.13
339,Atar,19,MR,1560443611,13,20.52,-13.05,99.08,10.04
340,Baker City,1,US,1560443612,53,44.77,-117.83,79.0,3.36
341,Basco,1,US,1560443613,45,40.33,-91.2,66.0,12.75
342,Makakilo City,20,US,1560443614,78,21.35,-158.09,78.8,3.36
343,Padang,100,ID,1560443616,58,-0.92,100.36,84.32,4.61
344,Kaoma,0,ZM,1560443617,41,-14.8,24.8,62.54,6.42
345,Colac,63,AU,1560443618,97,-38.34,143.59,48.99,1.01
346,Kangalassy,75,RU,1560443620,81,62.35,129.97,44.6,6.71
347,Alamosa,1,US,1560443621,39,37.47,-105.87,70.0,10.18
348,Komsomolskiy,97,RU,1560443622,83,67.55,63.78,30.86,11.27
349,Batsfjord,0,NO,1560443623,75,70.63,29.72,44.6,13.87
350,La Rioja,63,AR,1560443624,90,-29.41,-66.86,59.48,8.05
351,Hammerfest,0,NO,1560443626,70,70.66,23.68,46.4,12.75
352,Naliya,89,IN,1560443627,55,23.26,68.83,90.44,25.52
353,Mosquera,75,CO,1560443420,67,4.71,-74.23,62.6,4.7
354,Storm Lake,1,US,1560443404,39,42.64,-95.21,66.99,3.36
355,Chimore,100,BO,1560443630,60,-16.98,-65.13,82.88,2.8
356,La Ronge,75,CA,1560443631,93,55.1,-105.3,55.4,10.29
357,Maniago,20,IT,1560443633,20,46.17,12.71,87.01,10.29
358,Lagoa,20,PT,1560443634,60,37.14,-8.45,69.8,18.34
359,Sept-Iles,75,CA,1560443635,36,50.2,-66.38,68.0,10.29
360,Vanavara,54,RU,1560443637,71,60.35,102.28,60.02,4.99
361,Port Hardy,90,CA,1560443638,93,50.7,-127.42,53.6,3.36
362,Rudnyy,0,KZ,1560443367,46,52.96,63.12,53.6,13.42
363,Nova Vicosa,47,BR,1560443640,78,-17.89,-39.37,78.56,6.33
364,Iqaluit,90,CA,1560443641,80,63.75,-68.52,41.0,4.7
365,Colon,1,US,1560443642,37,41.3,-96.61,73.99,6.93
366,Anage,40,BR,1560443644,57,-14.61,-41.14,75.2,17.22
367,Monterey,75,US,1560443488,77,36.6,-121.89,62.6,5.82
368,Newport,100,GB,1560443644,100,51.59,-3.0,60.01,14.99
369,Narsaq,20,GL,1560443647,38,60.91,-46.05,59.0,8.05
370,Bayir,20,TR,1560443648,31,37.27,28.22,91.4,12.75
371,Usinsk,100,RU,1560443650,88,66.0,57.56,35.0,19.84
372,Tondon,75,GN,1560443651,81,10.37,-13.36,80.72,6.08
373,Maceio,90,BR,1560443489,83,-9.67,-35.74,78.8,17.22
374,Vila Velha,75,BR,1560443653,74,-3.71,-38.6,84.2,12.75
375,Boca do Acre,17,BR,1560443654,53,-8.76,-67.39,89.72,2.08
376,Quang Ngai,96,VN,1560443655,69,15.12,108.8,80.54,4.05
377,Kasongo-Lunda,5,CD,1560443656,33,-6.48,16.82,74.24,3.33
378,Boende,33,CD,1560443658,56,-0.28,20.88,78.02,2.04
379,Mitu,0,IR,1560443659,18,36.2,46.09,68.3,8.63
380,College,1,US,1560443660,76,64.86,-147.8,64.0,7.38
381,Arman,0,RU,1560443661,91,59.7,150.17,39.68,2.37
382,Bowen,75,AU,1560443662,93,-20.01,148.25,66.0,8.05
383,Pasighat,13,IN,1560443663,94,28.06,95.33,70.46,3.2
384,Ngunguru,1,NZ,1560443665,95,-35.62,174.5,48.0,11.18
385,Arroyo,90,US,1560443666,100,41.39,-78.88,62.01,5.82
386,Helong,0,CN,1560443667,97,25.94,116.13,65.42,1.41
387,Tarakan,85,ID,1560443668,81,3.3,117.63,80.54,3.11
388,Feijo,90,EC,1560443670,88,-3.63,-79.92,89.6,8.88
389,Cordoba,85,CO,1560443671,59,5.59,-73.79,76.04,2.35
390,Yumen,100,CN,1560443672,44,40.29,97.04,67.76,28.36
391,Pombas,0,BR,1560443673,31,-15.9,-54.74,90.26,6.78
392,Northam,40,GB,1560443674,77,51.04,-4.21,61.0,9.17
393,Kyren,100,RU,1560443676,80,51.68,102.13,47.42,5.32
394,Sao Filipe,100,CV,1560443677,87,14.9,-24.5,73.34,14.9
395,Bubaque,98,GW,1560443678,80,11.28,-15.83,80.0,11.25
396,Tazovskiy,100,RU,1560443659,83,67.47,78.7,34.46,21.88
397,Sabang,100,PH,1560443680,78,13.72,123.58,84.68,11.25
398,Coquimbo,20,CL,1560443681,59,-29.95,-71.34,60.8,5.82
399,Volchansk,93,RU,1560443683,66,59.94,60.08,39.68,6.64
400,Marion,1,US,1560443614,56,35.21,-90.2,77.0,9.17
401,San Pedro de Macoris,40,DO,1560443685,58,18.46,-69.3,90.0,9.17
402,Lubaczow,6,PL,1560443686,76,50.16,23.12,75.86,6.6
403,Seydi,94,NE,1560443687,25,13.34,7.75,99.26,7.81
404,Bambanglipuro,16,ID,1560443689,85,-7.95,110.28,80.18,15.61
405,Torrijos,0,ES,1560443527,11,39.98,-4.28,84.2,9.17
406,Tucurui,99,BR,1560443499,48,-3.77,-49.67,90.08,5.91
407,Lebu,75,ET,1560443692,82,8.96,38.73,62.6,4.7
408,Mahuta,68,TZ,1560443694,67,-10.87,39.42,72.44,6.26
409,Grand-Lahou,67,CI,1560443695,72,5.24,-5.0,80.72,4.36
410,North Bend,90,US,1560443412,93,43.41,-124.22,59.0,6.93
411,Kokoda,96,PG,1560443697,68,-8.88,147.74,57.14,3.89
412,Seminole,40,US,1560443669,53,32.72,-102.64,79.0,12.75
413,Kontagora,100,NG,1560443699,47,10.4,5.47,89.0,4.76
414,Lat Yao,100,TH,1560443701,82,15.75,99.79,78.38,3.22
415,Saint-Francois,0,FR,1560443702,34,46.42,3.91,78.8,11.41
416,Guaratingueta,20,BR,1560443508,51,-22.82,-45.19,82.4,3.36
417,Mbanza-Ngungu,0,CD,1560443704,53,-5.25,14.87,77.84,4.25
418,Chulman,100,RU,1560443705,94,56.84,124.9,41.66,4.25
419,Bandarbeyla,99,SO,1560443707,38,9.49,50.81,91.16,14.58
420,Riyadh,0,SA,1560443680,9,24.63,46.72,102.2,6.93
421,Sochi,20,RU,1560443709,69,43.6,39.73,77.0,8.95
422,Dzidzantun,100,MX,1560443710,81,21.25,-89.05,82.52,6.89
423,Tailai,25,CN,1560443711,70,46.39,123.41,62.18,14.92
424,Coihaique,90,CL,1560443713,86,-45.58,-72.07,44.6,5.82
425,Narrabri,21,AU,1560443714,87,-30.33,149.78,55.0,6.93
426,Kaa-Khem,100,RU,1560443715,58,51.7,94.56,55.88,5.19
427,Alakurtti,100,RU,1560443716,43,66.96,30.34,57.99,1.01
428,Tual,100,ID,1560443717,83,-5.67,132.75,81.44,18.21
429,Pitharion,20,GR,1560443719,51,35.52,24.08,87.8,5.82
430,Lakhtar,100,IN,1560443720,66,22.86,71.79,86.3,28.23
431,Visby,0,SE,1560443721,88,57.64,18.3,66.99,8.05
432,Vanderhoof,0,CA,1560443722,36,54.02,-124.02,66.86,7.16
433,Puerto Narino,75,CO,1560443724,79,-3.77,-70.38,84.2,3.36
434,Sorland,0,NO,1560443725,66,67.67,12.69,66.2,16.11
435,Torrington,20,US,1560443726,43,42.06,-104.18,79.0,6.93
436,Black River,20,JM,1560443727,70,18.03,-77.85,87.8,16.11
437,Rosetta,0,EG,1560443728,61,31.4,30.42,80.6,10.29
438,Nouakchott,0,MR,1560443730,57,18.08,-15.98,78.8,20.8
439,Moron,66,VE,1560443731,40,10.49,-68.2,94.94,5.28
440,Mayor Pablo Lagerenza,100,PY,1560443732,29,-19.93,-60.77,94.04,18.16
441,Keningau,75,MY,1560443733,94,5.33,116.16,78.8,4.7
442,Te Anau,90,NZ,1560443734,96,-45.41,167.72,41.3,3.38
443,Puerto Escondido,100,MX,1560443736,41,15.86,-97.07,94.76,5.93
444,Antropovo,0,RU,1560443737,25,55.25,37.65,68.0,6.71
445,Aykhal,0,RU,1560443738,49,65.95,111.51,48.2,6.71
446,Sungairaya,100,ID,1560443740,75,0.7,108.9,83.42,8.79
447,Porto Novo,20,BR,1560443741,54,-23.68,-45.44,80.6,2.24
448,Voh,0,NC,1560443743,73,-20.95,164.69,70.1,10.02
449,Talara,0,PE,1560443744,290,-4.58,-81.27,62.6,18.34
450,Soyo,75,AO,1560443745,78,-6.13,12.37,80.6,6.93
451,Saurimo,0,AO,1560443746,26,-9.66,20.4,84.2,5.7
452,Rabat,75,MA,1560443747,64,34.02,-6.83,68.0,17.22
453,Beyneu,51,KZ,1560443749,14,45.32,55.19,93.32,19.91
454,Ciamis,94,ID,1560443750,95,-7.33,108.35,71.0,2.66
455,Dingle,92,PH,1560443751,82,11.0,122.67,78.38,3.89
456,Ternate,40,PH,1560443752,83,14.29,120.72,84.2,4.7
457,Santa Fe,94,AR,1560443754,79,-31.62,-60.7,77.0,1.01
458,Mopipi,0,BW,1560443755,16,-21.2,24.86,63.98,6.64
459,Tortona,0,IT,1560443756,56,44.9,8.86,84.0,4.7
460,Musoma,97,TZ,1560443757,67,-1.5,33.81,76.04,6.08
461,Teya,90,MX,1560443759,83,21.05,-89.07,88.0,6.93
462,Pathein,100,MM,1560443760,88,16.78,94.73,82.52,10.74
463,Semirom,0,IR,1560443761,14,31.41,51.57,63.98,4.03
464,Syrskoye,0,RU,1560443762,39,52.57,39.53,66.2,11.18
465,Dole,0,FR,1560443763,35,47.09,5.49,78.01,5.82
466,Cayenne,75,GF,1560443765,70,4.94,-52.33,86.0,8.05
467,Naryan-Mar,99,RU,1560443766,80,67.67,53.09,35.72,19.98
468,Dongsheng,0,CN,1560443767,66,29.72,112.52,72.62,5.75
469,Mecca,4,SA,1560443769,34,21.43,39.83,90.26,12.8
470,Westport,75,IE,1560443770,100,53.8,-9.52,55.0,9.17
471,Ritchie,0,ZA,1560443771,43,-29.03,24.6,50.0,3.36
472,Carutapera,20,BR,1560443772,86,-1.2,-46.02,82.88,4.99
473,Kenai,20,US,1560443773,87,60.55,-151.26,55.0,4.7
474,West Sacramento,1,US,1560443612,57,38.58,-121.53,80.6,3.36
475,Muravlenko,52,RU,1560443776,57,63.79,74.5,37.34,6.51
476,Altamira,75,BR,1560443777,62,-3.2,-52.21,89.6,3.36
477,Ucluelet,88,CA,1560443778,91,48.94,-125.55,70.0,7.0
478,Port Blair,100,IN,1560443779,82,11.67,92.75,84.5,22.32
479,Batemans Bay,46,AU,1560443781,73,-35.71,150.18,48.99,4.0
480,Wilmington,90,US,1560443758,82,39.75,-75.55,70.0,8.05
481,Itoman,75,JP,1560443668,88,26.12,127.67,77.0,14.99
482,Sokoni,23,CD,1560443784,59,-12.89,28.78,60.92,5.66
483,Labuhan,16,ID,1560443785,95,-2.54,115.51,72.44,1.14
484,Palmer,75,AU,1560443787,87,-34.85,139.16,57.2,9.17
485,Korfovskiy,90,RU,1560443788,100,48.22,135.06,51.8,17.9
486,Fairbanks,1,US,1560443772,76,64.84,-147.72,62.01,7.38
487,Muros,75,ES,1560443790,76,42.77,-9.06,64.0,9.17
488,Ambunti,100,PG,1560443791,94,-4.22,142.82,74.6,0.83
489,High Prairie,100,CA,1560443716,65,55.43,-116.48,64.52,11.48
490,Pingliang,85,CN,1560443793,59,35.54,106.68,56.24,3.65
491,Kruisfontein,0,ZA,1560443795,72,-34.0,24.73,48.32,4.5
492,Kabompo,0,ZM,1560443796,41,-13.6,24.21,63.62,4.76
493,Gisborne,100,NZ,1560443797,97,-38.66,178.02,55.0,8.93
494,Sorong,48,ID,1560443798,96,-0.86,131.25,76.4,2.13
495,Taguatinga,40,BR,1560443800,39,-15.83,-48.06,78.8,18.34
496,Gizo,20,IL,1560443801,69,31.8,34.94,79.0,11.41
497,Nhulunbuy,90,AU,1560443710,83,-12.18,136.78,73.4,3.36
498,Namatanai,100,PG,1560443803,87,-3.66,152.44,78.02,9.17
499,Kavaratti,99,IN,1560443804,79,10.57,72.64,85.04,21.23
500,Jiangkou,31,CN,1560443805,95,30.7,117.56,62.72,3.87
501,Vao,34,EE,1560443807,94,59.1,26.19,65.96,7.94
502,Kutum,1,SD,1560443808,16,14.2,24.66,90.98,9.46
503,Cabo San Lucas,5,MX,1560443771,69,22.89,-109.91,95.0,3.36
504,Buala,81,SB,1560443810,82,-8.15,159.59,81.44,12.01
505,Mahibadhoo,53,MV,1560443811,79,3.78,72.97,83.78,9.64
506,Alofi,100,NU,1560443813,100,-19.06,-169.92,71.6,13.87
507,Helena,1,US,1560443705,43,46.59,-112.04,73.99,13.09
508,Tezu,67,IN,1560443815,68,27.93,96.16,78.2,4.25
509,Dubbo,90,AU,1560443816,100,-32.25,148.6,46.4,4.7
510,Punta Alta,0,AR,1560443817,42,-27.46,-55.82,84.2,10.29
511,Hofn,20,IS,1560443818,62,64.25,-15.21,51.8,19.46
512,Fayaoue,4,NC,1560443820,72,-20.65,166.53,71.36,18.68
513,Ribeira Brava,40,PT,1560443821,52,32.65,-17.07,69.8,13.87
514,Cranbrook,40,CA,1560443822,43,49.51,-115.76,69.8,3.36
515,Ibra,100,OM,1560443823,21,22.69,58.55,92.96,6.76
516,Santa Maria,0,BR,1560443654,45,-29.69,-53.81,84.2,17.22
517,Nakamura,20,JP,1560443826,78,35.17,136.87,71.6,9.17
518,Ballsh,0,AL,1560443828,67,40.6,19.74,75.14,0.63
519,Oriximina,94,BR,1560443613,55,-1.77,-55.87,90.98,7.34
520,Mayo,75,CA,1560443830,93,63.59,-135.9,48.2,3.36
521,Santa Ana,75,SV,1560443832,74,13.99,-89.56,78.8,4.7
522,Karamadai,40,IN,1560443833,83,11.24,76.96,77.0,11.41
523,Carauari,43,BR,1560443834,51,-4.88,-66.9,91.16,2.89
524,High Level,90,CA,1560443835,48,58.52,-117.13,66.2,5.82
525,Sikeston,1,US,1560443797,43,36.88,-89.59,73.4,4.7
526,Novomykolayivka,10,UA,1560443838,71,48.54,32.26,71.9,6.53
527,Ati,74,TD,1560443839,23,13.21,18.34,101.96,6.2
528,Puerto Colombia,20,CO,1560443840,70,10.99,-74.96,89.01,4.7
